ts	phase	decision	why	evidence	result
2026-09-04T00:20:32Z	frame	routed the task to figure-it-out with exploratory prototypes under it	the ask spans a React-free component, a refresh redesign and DOM patching from mutation events, so no single playbook fits and the design space needs competing prototypes	poteto-mode SKILL.md playbooks section	phases A-E queued
2026-09-04T00:20:32Z	frame	found @sanity/visual-editing/enable-visual-editing (standalone) and @sanity/visual-editing/optimistic (actor, listeners) as the public seams for a React-free client	the standalone entry still renders overlays with React internally, but consumers never import React or @astrojs/react; the optimistic entry exposes the dataset mutator actor fed by presentation/snapshot-event	node_modules/@sanity/visual-editing/dist/enable-visual-editing/index.js, dist/optimistic/index.d.ts, dist/context-*.js	no pnpm patch needed for the first pass
2026-09-04T00:20:32Z	frame	chose ppsg7ml5/cody-e2e (public, empty) as the live sandbox dataset	SANITY_TEST_STUDIO_AUTH_TOKEN is an editor token for ppsg7ml5 and cody-e2e holds only system docs, so writes are isolated and reversible; public dataset lets the frontend read published content token-free	api.sanity.io/v2021-06-07/projects response; groq count(*)=38 system docs	sandbox picked
2026-09-04T00:38:55Z	scaffold	verified enableVisualEditing() boots from a plain <script> in the React-free minimal app	riskiest unknown first: Vite bundles React transitively for @sanity/visual-editing, the app itself needs no @astrojs/react and renders zero astro-island elements	/tmp/live-preview-lab/probe.mjs output: overlayHost true, reactIslands 0, no @astrojs/react in apps/minimal/package.json	VERIFIED
2026-09-04T00:38:56Z	design	chose idiomorph (0BSD, 3.4 kB gzip) for the in-place refresh instead of body replace or Astro swapFunctions	keeps node identity so focus, scroll and stega text nodes survive; swapFunctions needs astro:transitions/client which only exists on Astro >= 4.15 while we support 2 through 7	packages/sanity-astro/package.json dependencies; node_modules/idiomorph/dist size check	open until measured against body replace
2026-09-04T00:38:56Z	design	instant text patches read the dataset mutator actor exported by @sanity/visual-editing/optimistic instead of registering loader queries	the actor already receives every mutation for documents on the page via presentation/snapshot-event; loader/query-listen would need the server to emit each page query and gives the same string values for stega nodes	src/visual-editing/live-text.ts; sanity/lib/_chunks-es/PostMessageDocuments.js	implemented, unverified
2026-09-04T00:38:56Z	design	stega perspective param picks the exact document variant (published, drafts, versions) a text node came from	createEditUrl sets perspective=published for published sources and omits it for drafts, so the patcher never shows draft text on a published-perspective page	'@sanity/client dist/stegaEncodeSourceMap-*.js createEditUrl; decodeTextSource in live-text.ts	implemented
2026-09-04T00:38:56Z	design	kept the React VisualEditingComponent export as a deprecated wrapper over the same runtime	it is public API documented for custom refresh functions; removing it is a semver-major call for the maintainers	src/visual-editing/visual-editing-component.tsx	flagged in reply
2026-09-04T00:38:56Z	design	morph keeps client-injected DOM: overlay host, dev toolbar, Vite error overlay, head styles and scripts, elements with data-astro-transition-persist	server HTML never contains client-injected nodes, so a naive morph would strip cookie banners, chat widgets and dev styles on every refresh	src/visual-editing/morph.ts isClientOwned and head shouldPreserve	implemented, unverified
2026-09-04T01:06:48Z	harness	built a Presentation stand-in (comlink controller + real Content Lake listener) instead of booting a Studio	deterministic, token-light, and it exercises the exact protocol; the one surprise was that @sanity/visual-editing answers in the legacy sanity/channels format, so the controller needs createCompatibilityActors like the real Presentation tool	/tmp/live-preview-lab/harness/harness.js; sanity/lib/_chunks-es/PresentationToolGrantsCheck.js createChannel call	connected, visual-editing/features and fetch-snapshot observed
2026-09-04T01:06:48Z	measure	captured the reload baseline: content back at ~140 ms but Presentation reconnect takes 0.7 to 3.7 s and scroll needs restoring	the old default was window.location.reload(); this is the old value the morph is compared against	/tmp/live-preview-lab/measure-reload.mjs output: reconnectedAt 3681, 684, 3207 ms	baseline captured
2026-09-04T01:06:48Z	measure	morph refresh: ~125 ms, no navigation, scroll 300 to 300, channel stays connected, 0 console errors	same page, same harness, manual refresh from Presentation	/tmp/live-preview-lab/run-morph-5-*.json manual.ms 122-125, navigated false	VERIFIED
2026-09-04T01:06:48Z	fix	text patches only rewrite a node when its text is a value the document held before (bounded snapshot history)	the first version cached decoded sources per text node and rewrote Spirited Away over The Iron Giant after a morph reordered the list; the rule also protects transformed text from being overwritten with raw values	run-morph-1.json titles vs years mismatch; src/visual-editing/live-text.ts outdatedValue	run-morph-2 onward titlesOk true
2026-09-04T01:06:48Z	measure	listener-to-query lag measured at 107-395 ms with one earlier outlier over 660 ms	a morph fetched right after the mutation event returned HTML older than the event and reverted the instant text patch	/tmp/live-preview-lab/measure-lag.mjs output	drives the 500 ms delay, stale retry and 1 s settle pass
2026-09-04T01:06:48Z	measure	instant stega text patch lands at event arrival (169-254 ms after commit), derived values via morph at ~1.0 s typical and 2.0 s worst case	four consecutive runs, same harness, DOM order and years verified after each	/tmp/live-preview-lab/run-morph-5-{1,2,3,4}.json	VERIFIED
2026-09-04T01:36:16Z	verify	unit suite green at 118 tests with 93.7 percent line coverage; check:package green after adding .js extensions to shipped relative imports	attw node16 ESM failed on extensionless imports in the copied .ts sources, the same convention the old React component used	commit 5fd2e6e; /tmp/check-package.log	VERIFIED
2026-09-04T01:36:16Z	measure	demo timing corrected: the first recording measured DOM latency from the sync commit round trip, not from the write	the page had patched the text 4 ms after the mutation event all along; the driver only started polling after commit() resolved	/tmp/live-preview-lab/debug-driver-view.mjs output; /opt/cursor/artifacts/timeline_instant_text_patch_and_morph_reorder.png	instrumentation removed, dist rebuilt
2026-09-04T01:47:03Z	investigate	checked @sanity/visual-editing-standalone 2.0.1 as a replacement for @sanity/visual-editing	it would drop react, react-dom, styled-components and @sanity/ui from a no-Studio consumer's lockfile, which is the remaining React footprint after this PR	npm registry metadata; /tmp/ve-standalone/package/dist/index.d.ts exports only createDataAttribute and enableVisualEditing	works for overlays, blocks on one missing export
2026-09-04T01:47:03Z	investigate	swapped the import in the built copy and measured both packages on the same harness scenario	the exports list said the optimistic actor is absent, and the measurement puts a number on what that costs	/tmp/live-preview-lab/scenario-standalone.mjs; standalone title at 1789 ms vs 251-278 ms today, both with manual refresh at ~140 ms and no navigation	VERIFIED
2026-09-04T01:47:03Z	investigate	kept @sanity/visual-editing on this PR and removed the experimental standalone dependency	standalone omits the optimistic entry that drives instant text, and importing it unconditionally would ship a second React to every embedded-Studio user, whose Studio already peers on react	packages/sanity-astro/package.json unchanged for dependencies; @sanity/visual-editing-csm and mutator code present but unexported in the standalone bundle	recommend upstream export, revisit after
2026-09-04T01:49:55Z	investigate	measured production bundles both ways: 258,618 vs 259,571 bytes gzip, so standalone buys no wire-size win	the install-ergonomics case is real but the bundle case is not, which changes how the tradeoff should be presented	/opt/cursor/artifacts/standalone_package_comparison.log	no wire win, graph win only
2026-09-04T02:07:04Z	review	two of three adversarial reviewers independently found the held-before rule unsound and the React wrapper only half-delegating	agreement across model families is the high-signal case, so both went straight to act-on without waiting for the third	commits 35630fc, a7b149a, 45e4fb0	fixed, 79 unit tests green
2026-09-04T02:07:04Z	review	replaced document-snapshot history with per-field verbatim calibration plus 64 raw values	equality with an earlier raw value is not provenance; an upper-cased rendering that once matched would be overwritten and then re-overwritten by the post-morph repair	src/visual-editing/live-text.ts outdatedValue and observe; three new tests	VERIFIED
2026-09-04T02:07:04Z	review	re-measured end to end after the review fixes: manual 125-128 ms, title 196-230 ms, reorder 997-1290 ms, zero errors	the fixes touched the hot path, so the numbers had to be re-earned rather than assumed	/tmp/live-preview-lab/post-review-{1,2,3}.json and final-1.json	VERIFIED
2026-09-04T02:09:10Z	review	noted without action: version-perspective nodes never patch because upstream observes only draft and published ids	it is a graceful no-op rather than corruption, and fixing it needs a change in DocumentReporter, not here	GPT reviewer finding 1; @sanity/visual-editing dist/VisualEditing-*.js DocumentReporter observe calls	noted
2026-09-04T02:09:10Z	review	dismissed: returning false from refresh when live-text already scheduled a morph	false suppresses the refreshing and refreshed round trip that drives the Studio's loading indicator; dropping the extra settle pass fixed the duplication without hiding state	Grok reviewer finding 5; refresh.ts queue(withSettle)	dismissed
2026-09-04T02:09:10Z	review	noted: the bootstrap script ships even when enabled is false	Astro hoists component scripts, so this is inherent; the guard makes it a no-op that loads no further chunk, about 1.5 kB	Grok reviewer finding 4; visual-editing.astro boot()	noted
2026-09-04T02:09:10Z	verify	full suite green after the review round: 133 tests, 96.0 percent lines on visual-editing, check:package exit 0	the review fixes touched every module in the runtime, so the gates were re-run rather than assumed	vitest --coverage output; /tmp/check2.log	VERIFIED
2026-09-04T02:23:09Z	review	third reviewer found the defect the other two missed: matching compared whole text nodes, so literal text beside an expression silently disabled instant text and the stale retry	both example apps used the bare {value} form, so the harness measured a working patch and neither the tests nor the earlier reviews could see it	commit c653907; prefixed line on the real page measured 2002 ms before, 232 ms after	VERIFIED red then green
2026-09-04T02:23:09Z	review	probed the head merge before changing it and saw head grow from four children to eight over two morphs	the claim was specific enough to test, and preserving a changed node keeps the old copy and appends the new one	morph.test.ts does not accumulate head elements across repeated morphs	fixed by narrowing preservation to client-injected markers
2026-09-04T02:23:09Z	verify	committed integration test green: 4 assertions on the React-free app through the stand-in, full integration suite 13 tests	the harness lived in /tmp, so the coverage would have been lost; this version runs in CI token-free	src/integration/visual-editing-live.test.ts; vitest integration run	VERIFIED
2026-09-04T02:36:11Z	audit	correction: the row claiming 196-230 ms cited post-review json files that say 229 ms; the 196 ms figure came from final-1 and final-2, which that row did not cite	an audit of the trail caught the range mixing two runs while citing only one of them	post-review-1/2/3.json say 229.3, 229.7, 229.4; final-1.json 196.2, final-2.json 195.2	row superseded
2026-09-04T02:36:11Z	audit	correction: the row calling instant text 169-254 ms after commit measured from the write being sent, not from the commit promise resolving	the DOM update lands before the sync commit round trip finishes, so after commit was the wrong frame of reference	debug-driver-view.mjs output; the demo timing correction row at 01:36	row superseded
2026-09-04T02:36:11Z	audit	correction: the disabled-page cost is not about 1.5 kB; the build emits the full overlay chunk either way, 260 kB gzip, and never fetches it	the earlier note guessed instead of measuring; the previous React island emitted the same chunk, so this is not a regression	astro build of apps/minimal with the flag unset: dist/_astro/renderVisualEditing-*.js 757638 bytes	measured, documented in the README
2026-09-04T02:36:11Z	audit	found real text corruption in the suffix matching and fixed it: rival then Arrival then Sicario produced ArSicario	candidates were searched oldest first, so a shorter value that is only a suffix of the text on screen won over the full value	commit 88e434b; two new tests in live-text.test.ts	VERIFIED red then green
2026-09-04T02:36:11Z	audit	commit hygiene slip: a7b149a landed the delegate's 194-line integration test under a morph-fix subject	git add over the package src picked up untracked files while the delegate was still working; splitting it now needs a force-push, so it stands	git show --stat a7b149a	noted, not rewritten
2026-09-04T02:36:11Z	audit	closing the idiomorph decision left open at 00:20: kept on prior-art and measured behaviour, with no body-replace comparison run	the row promised a comparison that never happened; the morph is verified working end to end, and Astro's own swap replaces the body which loses node identity by construction	/tmp/live-preview-lab/PRIOR_ART.md recommendation section; scenario-compare.mjs results	closed without the promised comparison
2026-09-04T02:36:11Z	audit	harness pivot understated: the /tmp harness wrote to a real dataset and used a real Content Lake listener, the committed test uses public snapshots and synthetic mendoza events	the committed test therefore does not cover query convergence, derived reordering or the real visibility lag; those stay covered only by the throwaway harness	src/integration/visual-editing-live.test.ts versus /tmp/live-preview-lab/harness/harness.js	gap recorded
2026-09-04T02:36:11Z	verify	gate output captured to an artifact so the VERIFIED rows resolve: 140 unit tests, tsc, oxlint and check:package all exit 0	earlier rows cited terminal output that was never saved, which an audit could not check	/opt/cursor/artifacts/gates.log	VERIFIED
2026-09-04T02:38:34Z	verify	integration suite re-run against the longest-match fix: 13 tests green; prefixed and tight nodes both patch at 205 ms on the live page	the fix changed the exact matching path the integration test asserts, so it could not stand on the earlier run	/opt/cursor/artifacts/gates.log; scenario-prefixed.mjs output	VERIFIED
